term,value
p(AyBn),0.5625
p(AnBy),0.2
p(ByAn),0.35750000000000004
p(BnAy),0.38249999999999995
QQ deviation,0.022499999999999964
